{
    "ana": [
        99.0,
        85.84615384615384,
        79.41538461538462
    ],
    "ashe": [
        235.67346938775518,
        182.87755102040825,
        172.00000000000006
    ],
    "baptiste": [
        56.9074074074074,
        33.81481481481484,
        28.574074074074073
    ],
    "bastion": [
        170.90540540540542,
        168.56756756756755,
        165.4324324324325
    ],
    "brigitte": [
        101.9354838709677,
        55.06451612903223,
        36.01612903225799
    ],
    "cassidy": [
        179.75675675675683,
        134.75675675675677,
        109.62162162162159
    ],
    "echo": [
        94.5166666666667,
        185.61666666666667,
        215.54999999999998
    ],
    "genji": [
        136.044776119403,
        136.17910447761193,
        134.2985074626866
    ],
    "hammond": [
        250.26229508196727,
        221.3770491803279,
        209.2131147540983
    ],
    "lucio": [
        187.10526315789474,
        189.44736842105266,
        75.76315789473682
    ],
    "orisa": [
        172.75000000000003,
        139.01315789473688,
        31.263157894736846
    ],
    "reaper": [
        13.741573033707887,
        11.471910112359495,
        9.314606741573066
    ],
    "soldier": [
        187.64000000000004,
        74.52000000000001,
        64.32
    ],
    "sombra": [
        196.625,
        147.375,
        217.1875
    ],
    "symmetra": [
        185.26829268292676,
        204.63414634146335,
        208.2926829268293
    ]
}